,Gender,Age,Annual Income (k$),Spending Score (1-100)
Gender,1.0,-0.06086738703843333,-0.056409809877350496,0.05810873926162083
Age,-0.06086738703843333,1.0,-0.01239804273606026,-0.32722684603909025
Annual Income (k$),-0.056409809877350496,-0.01239804273606026,1.0,0.009902848094037497
Spending Score (1-100),0.05810873926162083,-0.32722684603909025,0.009902848094037497,1.0
